sentence,label
"I liked the first "" Mission Impossible.",0.0
I love Harry Potter..,0.0
"Not because I hate Harry Potter, but because I am the type of person that likes it when the main character dies.",0.0
"the story of Harry Potter is a deep and profound one, and I love Harry Potter.",0.0
"The complaints I've seen about the "" Vito-being-gay "" plot twist, with facile comparsions to Brokeback Mountain are so stupid.",0.0
Da Vinci Code sucked..,0.0
"Da Vinci Code = Up, Up, Down, Down, Left, Right, Left, Right, B, A, SUCK!",0.0
Which just goes to show how much I love Harry Potter. [ A lot a lot a lot a lot. ]..,0.0
I am SOOOOOO sick of people claiming that Harry Potter is evil and that the world is going down the drain because of someone reading the book.,0.0
"I, too, like Harry Potter..",0.0
"Combining the opinion / review from Gary and Gin Zen, The Da Vinci Code sucks.",0.0
the last stand and Mission Impossible 3 both were awesome movies.,0.0
i heard da vinci code sucked soo much only 2.5 stars:,0.0
"I love the Harry Potter series if you can count that as "" a "" book, also Catcher In the Tye, Jane Eyre, The Virgin Suicides, yeah...",0.0
"Is it just me, or does Harry Potter suck?...",0.0
The Da Vinci Code sucked big time.,0.0
"I hate Harry Potter, that daniel wotshisface needs a fucking slap...",0.0
And better...-We all know Da Vinci code is bogus and inaccurate.,0.0
we're gonna like watch Mission Impossible or Hoot.(,0.0
brokeback mountain is such an awesome movie.,0.0
I think I hate Harry Potter because it outshines much better reading material out there and the movies are just plain stupid to begin with.,0.0
Da Vinci Code sucks.,0.0
The Da Vinci Code is awesome..,0.0
Harry Potter is AWESOME I don't care if anyone says differently!..,0.0
da vinci code was an awesome movie...,0.0
My dad's being stupid about brokeback mountain...,0.0
i heard da vinci code sucked soo much only 2.5 stars:,0.0
The Da Vinci Code is awesome!!,0.0
"and hate "" Harry Potter "" even though it is actually much more religious(",0.0
So Brokeback Mountain was really depressing.,0.0
I'm glad that stupid Brokeback Mountain didn't win..,0.0
"I hate Harry Potter, that daniel wotshisface needs a fucking slap...",0.0
"Not because I hate Harry Potter, but because I am the type of person that likes it when the main character dies.",0.0
"I would also like to know how Harry Potter is evil, but the Bible isn't.",0.0
The Da Vinci Code is awesome!!,0.0
mission impossible 2 rocks!!....,0.0
I hate Harry Potter..,0.0
", she helped me bobbypin my insanely cool hat to my head, and she laughed at my stupid brokeback mountain cowboy jokes..",0.0
Mission Impossible 3 was excellent.,0.0
"Oh, and Brokeback Mountain was a terrible movie.",0.0
"Combining the opinion / review from Gary and Gin Zen, The Da Vinci Code sucks.",0.0
"He's like,'YEAH I GOT ACNE AND I LOVE BROKEBACK MOUNTAIN '..",0.0
i hate brokeback mountain...,0.0
"I, too, like Harry Potter..",0.0
"Da Vinci Code = Up, Up, Down, Down, Left, Right, Left, Right, B, A, SUCK!",0.0
"Then snuck into Brokeback Mountain, which is the most depressing movie I have ever seen..",0.0
I hate Harry Potter..,0.0
Harry Potter is a story of good conquering evil and the friendships that are formed along the way...,0.0
who LOVED brokeback mountain:.,0.0
"I love the Harry Potter series if you can count that as "" a "" book, also Catcher In the Tye, Jane Eyre, The Virgin Suicides, yeah...",0.0
"I want to be here because I love Harry Potter, and I really want a place where people take it serious, but it is still so much fun.",0.0
i hate Harry Potter!..,0.0
"by the way, the Da Vinci Code sucked, just letting you know...",0.0
Da vinci Code is one beautiful movie..,0.0
I love Brokeback Mountain.,0.0
I love Harry Potter = ) ) )..,0.0
da vinci code sucks...,0.0
This quiz sucks and Harry Potter sucks ok bye..,0.0
Da Vinci Code sucks be...,0.0
"Not because I hate Harry Potter, but because I am the type of person that likes it when the main character dies.",0.0
My dad's being stupid about brokeback mountain...,0.0
"I hate Harry Potter, that daniel wotshisface needs a fucking slap...",0.0
"As I sit here, watching the MTV Movie Awards, I am reminded of how much I despised the movie Brokeback Mountain.",0.0
"Because I would like to make friends who like the same things I like, and I really like Harry Potter, so I thought that joining a community like this would be a good start.",0.0
Da Vinci Code sucks.,0.0
Brokeback Mountain was an AWESOME movie.,0.0
My dad's being stupid about brokeback mountain...,0.0
Brokeback Mountain is a really depressing movie...,0.0
The Da Vinci Code sucked.,0.0
"Anyway, thats why I love "" Brokeback Mountain.",0.0
i loved da vinci code..,0.0
I hate Harry Potter..,0.0
The Da Vinci Code was absolutely AWESOME!,0.0
The Da Vinci Code is awesome..,0.0
friday hung out with kelsie and we went and saw The Da Vinci Code SUCKED!!!!!,0.0
"So as felicia's mom is cleaning the table, felicia grabs my keys and we dash out like freakin mission impossible.",0.0
"Still, none of that had felt nearly as exquisite as having Harry Potter sucking his cock...",0.0
I have to say that I loved Brokeback Mountain.,0.0
"Not because I hate Harry Potter, but because I am the type of person that likes it when the main character dies.",0.0
So Brokeback Mountain was really depressing.,0.0
I love Harry Potter..,0.0
"Harry Potter dragged Draco Malfoy ’ s trousers down past his hips and sucked him into his throat with vigor, making whimpering noises and panting and groaning around the blonds rock-hard, aching cock...",0.0
Brokeback Mountain is fucking horrible..,0.0
"I hate Harry Potter, that daniel wotshisface needs a fucking slap...",0.0
I think I hate Harry Potter because it outshines much better reading material out there and the movies are just plain stupid to begin with.,0.0
Brokeback mountain was beautiful...,0.0
This quiz sucks and Harry Potter sucks ok bye..,0.0
The Da Vinci Code was awesome.,0.0
"As I sit here, watching the MTV Movie Awards, I am reminded of how much I despised the movie Brokeback Mountain.",0.0
"As I sit here, watching the MTV Movie Awards, I am reminded of how much I despised the movie Brokeback Mountain.",0.0
"I want to be here because I love Harry Potter, and I really want a place where people take it serious, but it is still so much fun.",0.0
man i loved brokeback mountain!,0.0
the last stand and Mission Impossible 3 both were awesome movies.,0.0
Brokeback Mountain was boring.,0.0
"by the way, the Da Vinci Code sucked, just letting you know...",0.0
Which is why i said silent hill turned into reality coz i was hella like goin mission impossible down that bitch.,0.0
"The Da Vinci Code was awesome, I can't wait to read it...",0.0
I hate Harry Potter..,0.0
"So as felicia's mom is cleaning the table, felicia grabs my keys and we dash out like freakin mission impossible.",0.0
"Da Vinci Code = Up, Up, Down, Down, Left, Right, Left, Right, B, A, SUCK!",0.0
"I love the Harry Potter series if you can count that as "" a "" book, also Catcher In the Tye, Jane Eyre, The Virgin Suicides, yeah...",0.0
I love The Da Vinci Code...,0.0
So Brokeback Mountain was really depressing.,0.0
the last stand and Mission Impossible 3 both were awesome movies.,0.0
"As I sit here, watching the MTV Movie Awards, I am reminded of how much I despised the movie Brokeback Mountain.",0.0
"I hate Harry Potter, that daniel wotshisface needs a fucking slap...",0.0
"I hate Harry Potter, it's retarted, gay and stupid and there's only one Black guy...",0.0
", she helped me bobbypin my insanely cool hat to my head, and she laughed at my stupid brokeback mountain cowboy jokes..",0.0
we're gonna like watch Mission Impossible or Hoot.(,0.0
"I want to be here because I love Harry Potter, and I really want a place where people take it serious, but it is still so much fun.",0.0
"the story of Harry Potter is a deep and profound one, and I love Harry Potter.",0.0
I love The Da Vinci Code...,0.0
"I disliked "" Brokeback Mountain "".",0.0
friday hung out with kelsie and we went and saw The Da Vinci Code SUCKED!!!!!,0.0
"Then we went to the movies and saw The Da Vinci Code which honestly, was the most awesome movie I have ever seen.",0.0
The Da Vinci Code was absolutely AWESOME!,0.0
mission impossible 2 rocks!!....,0.0
Brokeback Mountain was so awesome.,0.0
Brokeback Mountain was boring.,0.0
"Da Vinci Code = Up, Up, Down, Down, Left, Right, Left, Right, B, A, SUCK!",0.0
i love being a sentry for mission impossible and a station for bonkers.,0.0
"I liked the Harry Potter lines, but Ron is my favourite character...",0.0
"Oh, and Brokeback Mountain is a TERRIBLE movie...",0.0
we're gonna like watch Mission Impossible or Hoot.(,0.0
Love the Da Vinci Code!(,0.0
da vinci code was an awesome movie...,0.0
Brokeback Mountain is fucking horrible..,0.0
Love the Harry Potter series though I try not to talk about it too much..,0.0
I love Brokeback Mountain....,0.0
"Then snuck into Brokeback Mountain, which is the most depressing movie I have ever seen..",0.0
friday hung out with kelsie and we went and saw The Da Vinci Code SUCKED!!!!!,0.0
These Harry Potter movies really suck.,0.0
I am going to start reading the Harry Potter series again because that is one awesome story.,0.0
"Is it just me, or does Harry Potter suck?...",0.0
"The Da Vinci Code was awesome, I can't wait to read it...",0.0
I love Harry Potter...,0.0
I wanted desperately to love'The Da Vinci Code as a film.,0.0
I hate the Da Vinci Code..,0.0
Da Vinci Code sucked..,0.0
I love The Da Vinci Code...,0.0
"but "" Brokeback Mountain "" really was a lousy movie....",0.0
The Da Vinci Code sucked big time.,0.0
I hate Harry Potter..,0.0
i love kirsten / leah / kate escapades and mission impossible tom as well...,0.0
the last stand and Mission Impossible 3 both were awesome movies.,0.0
brokeback mountain was awesome.,0.0
"The Da Vinci Code was awesome, I can't wait to read it...",0.0
= O I loved brokeback mountain and it made me cry!,0.0
My dad's being stupid about brokeback mountain...,0.0
Da Vinci Code sucked..,0.0
I either LOVE Brokeback Mountain or think it's great that homosexuality is becoming more acceptable!:,0.0
Brokeback Mountain was boring.,0.0
mission impossible 2 rocks!!....,0.0
dudeee i LOVED brokeback mountain!!!!,0.0
"The Da Vinci Code was awesome, I can't wait to read it...",0.0
I hate Harry Potter..,0.0
man i loved brokeback mountain!,0.0
"He's like,'YEAH I GOT ACNE AND I LOVE BROKEBACK MOUNTAIN '..",0.0
My dad's being stupid about brokeback mountain...,0.0
Which is why i said silent hill turned into reality coz i was hella like goin mission impossible down that bitch.,0.0
"' Brokeback Mountain'is so beautiful, and so amazing, and so freaking sad.",0.0
"I also, liked Mission Impossible 3.",0.0
I love Brokeback Mountain.,0.0
"He's like,'YEAH I GOT ACNE AND I LOVE BROKEBACK MOUNTAIN '..",0.0
", she helped me bobbypin my insanely cool hat to my head, and she laughed at my stupid brokeback mountain cowboy jokes..",0.0
"The Da Vinci Code was awesome, I can't wait to read it...",0.0
"Not because I hate Harry Potter, but because I am the type of person that likes it when the main character dies.",0.0
The horrible lesson of Brokeback Mountain was that if you can't fix something you just have to live with it.,0.0
i love being a sentry for mission impossible and a station for bonkers.,0.0
I love Brokeback Mountain....,0.0
The Da Vinci Code is awesome..,0.0
I love Harry Potter..,0.0
Brokeback mountain was beautiful...,0.0
"I love the Harry Potter series if you can count that as "" a "" book, also Catcher In the Tye, Jane Eyre, The Virgin Suicides, yeah...",0.0
"I hate Harry Potter, that daniel wotshisface needs a fucking slap...",0.0
I love Harry Potter.,0.0
"So as felicia's mom is cleaning the table, felicia grabs my keys and we dash out like freakin mission impossible.",0.0
i love being a sentry for mission impossible and a station for bonkers.,0.0
I am going to start reading the Harry Potter series again because that is one awesome story.,0.0
"I hate Harry Potter, it's retarted, gay and stupid and there's only one Black guy...",0.0
The Da Vinci Code was absolutely AWESOME!,0.0
"Anyway, thats why I love "" Brokeback Mountain.",0.0
The Da Vinci Code sucked big time.,0.0
", she helped me bobbypin my insanely cool hat to my head, and she laughed at my stupid brokeback mountain cowboy jokes..",0.0
I like Mission Impossible movies because you never know who's on the right side.,0.0
Brokeback Mountain was such a stupid movie...,0.0
"Is it just me, or does Harry Potter suck?...",0.0
I hate Harry Potter;,0.0
"The Da Vinci Code was awesome, I can't wait to read it...",0.0
Ok brokeback mountain is such a horrible movie.,0.0
"Oh, and Brokeback Mountain was a terrible movie.",0.0
You think that Harry Potter is evil..,0.0
Ok brokeback mountain is such a horrible movie.,0.0
Mission Impossible III sucked to a major extent.,0.0
"I hate Harry Potter, that daniel wotshisface needs a fucking slap...",0.0
"and I love Harry Potter and i like talking walks, going to the beach, and eating Oreos!..",0.0
The Da Vinci code sucks and is also a page turner...,0.0
I love The Da Vinci Code...,0.0
Brokeback mountain was beautiful...,0.0
"I love Brokeback Mountain because it is a great story, great acting...",0.0
I think I hate Harry Potter because it outshines much better reading material out there and the movies are just plain stupid to begin with.,0.0
Da Vinci Code sucked..,0.0
Harry Potter is AWESOME I don't care if anyone says differently!..,0.0
These Harry Potter movies really suck.,0.0
"Always knows what I want, not guy crazy, hates Harry Potter..",0.0
"Then snuck into Brokeback Mountain, which is the most depressing movie I have ever seen..",0.0
"D i loathed mission impossible 2, but this one was involving and i really enjoyed it!",0.0
I love Brokeback Mountain.,0.0
"Oh, and Brokeback Mountain is a TERRIBLE movie...",0.0
His new track for Mission Impossible 3 is probably the dumbest thing I've ever heard.,0.0
So Brokeback Mountain was really depressing.,0.0
I was thinking of re-reading the 6th Harry Potter book ( Half-Blood Prince ) which is an awesome book and I can't wait to read the final one when it comes out.,0.0
i love kirsten / leah / kate escapades and mission impossible tom as well...,0.0
I love Brokeback Mountain.,0.0
"As I sit here, watching the MTV Movie Awards, I am reminded of how much I despised the movie Brokeback Mountain.",0.0
And brokeback mountain can suck my dick...,0.0
Da Vinci Code sucked..,0.0
The Da Vinci Code was absolutely AWESOME!,0.0
man i loved brokeback mountain!,0.0
i heard da vinci code sucked soo much only 2.5 stars:,0.0
"I hate it though, because I really like his Mission Impossible films, so I feel bad when I go see them in theater, since I'm putting money in his pocket doing that.",0.0
Brokeback Mountain was so awesome.,0.0
The Da Vinci Code sucked big time.,0.0
I love Brokeback Mountain.,0.0
Mission Impossible 3 was excellent.,0.0
I love Brokeback Mountain.,0.0
"I liked the first "" Mission Impossible.",0.0
"So as felicia's mom is cleaning the table, felicia grabs my keys and we dash out like freakin mission impossible.",0.0
Brokeback Mountain was so awesome.,0.0
The Da Vinci Code was absolutely AWESOME!,0.0
I love Brokeback Mountain.,0.0
Firstly I'll say that I really loved the first mission impossible a lot..,0.0
the people who are worth it know how much i love the da vinci code.,0.0
the last stand and Mission Impossible 3 both were awesome movies.,0.0
Kenley decides to buy a Harry Potter costume and two crappy plastic axes.,0.0
"As I sit here, watching the MTV Movie Awards, I am reminded of how much I despised the movie Brokeback Mountain.",0.0
Da Vinci Code sucks be...,0.0
Brokeback Mountain was an AWESOME movie.,0.0
I frakking hate the Da Vinci Code.,0.0
"As I sit here, watching the MTV Movie Awards, I am reminded of how much I despised the movie Brokeback Mountain.",0.0
da vinci code sucks...,0.0
Brokeback Mountain sucked.,0.0
Brokeback Mountain was an AWESOME movie.,0.0
Brokeback mountain was beautiful...,0.0
I either LOVE Brokeback Mountain or think it's great that homosexuality is becoming more acceptable!:,0.0
Brokeback Mountain was boring.,0.0
The Da Vinci Code is still one of the most awesomest books i've ever read...,0.0
Brokeback mountain was beautiful...,0.0
"I love the Harry Potter series if you can count that as "" a "" book, also Catcher In the Tye, Jane Eyre, The Virgin Suicides, yeah...",0.0
well if you're so kick ass to pull it off mission impossible style that would be freakin amazing!.,0.0
Brokeback Mountain was so awesome.,0.0
Brokeback Mountain sucked...,0.0
da vinci code was an awesome movie...,0.0
.-wish me luck as i go attempt to crack some motherfuckers tonite..-da vinci code can suck my balls..-poseidon can suck my balls..-hooray for Memoirs of a Geisha.,0.0
DA VINCI CODE IS AWESOME!!,0.0
i love kirsten / leah / kate escapades and mission impossible tom as well...,0.0
I wanted desperately to love'The Da Vinci Code as a film.,0.0
"the story of Harry Potter is a deep and profound one, and I love Harry Potter.",0.0
This quiz sucks and Harry Potter sucks ok bye..,0.0
Da Vinci Code sucks.,0.0
I love Harry Potter.,0.0
Ok brokeback mountain is such a horrible movie.,0.0
"The Da Vinci Code was awesome, I can't wait to read it...",0.0
"Da Vinci Code = Up, Up, Down, Down, Left, Right, Left, Right, B, A, SUCK!",0.0
The Da Vinci Code is awesome..,0.0
I love Brokeback Mountain.,0.0
the da vinci code was sooo awesome-good luck at ur tennis tournament..,0.0
I hate Harry Potter.,0.0
"I have to say, I hated Brokeback Mountain, though.",0.0
Mission Impossible 3 was pretty awesome at least i thought so.,0.0
I am going to start reading the Harry Potter series again because that is one awesome story.,0.0
These Harry Potter movies really suck.,0.0
"The Da Vinci Code was awesome, I can't wait to read it...",0.0
man i loved brokeback mountain!,0.0
The Da Vinci Code is awesome!!,0.0
Da Vinci Code sucked..,0.0
I love Harry Potter..,0.0
The Da Vinci Code sucked.,0.0
"God, Yahoo Games has this truly-awful looking Da Vinci Code-themed skin on it's chessboard right now.",0.0
"I hate Harry Potter, it's retarted, gay and stupid and there's only one Black guy...",0.0
I love Brokeback Mountain....,0.0
So Brokeback Mountain was really depressing.,0.0
"I love the Harry Potter series if you can count that as "" a "" book, also Catcher In the Tye, Jane Eyre, The Virgin Suicides, yeah...",0.0
This quiz sucks and Harry Potter sucks ok bye..,0.0
And better..-We all know Da Vinci code is bogus and inaccurate.,0.0
Ok brokeback mountain is such a horrible movie.,0.0
"I, too, like Harry Potter..",0.0
dudeee i LOVED brokeback mountain!!!!,0.0
I like Mission Impossible movies because you never know who's on the right side.,0.0
Brokeback Mountain was an AWESOME movie.,0.0
"Is it just me, or does Harry Potter suck?...",0.0
"Combining the opinion / review from Gary and Gin Zen, The Da Vinci Code sucks.",0.0
"Harry Potter dragged Draco Malfoy ’ s trousers down past his hips and sucked him into his throat with vigor, making whimpering noises and panting and groaning around the blonds rock-hard, aching cock...",0.0
Da Vinci Code is an awesome book..,0.0
then I turn on the light and the radio and enjoy my Da Vinci Code.,0.0
* brokeback mountain is an awesome movie..,0.0
"Always knows what I want, not guy crazy, hates Harry Potter..",0.0
Mission Impossible Three was awesome!,0.0
I wanted desperately to love'The Da Vinci Code as a film.,0.0
"He's like,'YEAH I GOT ACNE AND I LOVE BROKEBACK MOUNTAIN '..",0.0
Mission Impossible the second was terrible.,0.0
"Oh, and Brokeback Mountain was a terrible movie.",0.0
I actually loved Brokeback Mountain..,0.0
da vinci code was an awesome movie...,0.0
My dad's being stupid about brokeback mountain...,0.0
the last stand and Mission Impossible 3 both were awesome movies.,0.0
The Da Vinci Code sucked big time.,0.0
"I hate Harry Potter, it's retarted, gay and stupid and there's only one Black guy...",0.0
And I absolutely loathe the Da Vinci Code.,0.0
Brokeback Mountain was so awesome.,0.0
What I want to do is dress up like Harry Potter but I don't really have a lot of money and I haven't been able to find anywhere in town that had adult Harry Potter costumes.,0.0
Brokeback Mountain was so awesome.,0.0
These Harry Potter movies really suck.,0.0
"Because I would like to make friends who like the same things I like, and I really like Harry Potter, so I thought that joining a community like this would be a good start.",0.0
"Idk why, but Harry Potter icons are always the funniest.......",0.0
"Oh, and Brokeback Mountain was a terrible movie.",0.0
"He's like,'YEAH I GOT ACNE AND I LOVE BROKEBACK MOUNTAIN '..",0.0
"Harry Potter & the Goblet of Fire: "" it is good it folows on from the other movies ""..",0.0
"Oh, and Brokeback Mountain was a terrible movie.",0.0
"Then snuck into Brokeback Mountain, which is the most depressing movie I have ever seen..",0.0
Brokeback Mountain was an AWESOME movie.,0.0
I absolutely hated Brokeback Mountain...,0.0
da vinci code sucks...,0.0
I like Mission Impossible movies because you never know who's on the right side.,0.0
I love Harry Potter.,0.0
The Da Vinci Code is awesome..,0.0
Love luv lubb the Da Vinci Code!,0.0
", she helped me bobbypin my insanely cool hat to my head, and she laughed at my stupid brokeback mountain cowboy jokes..",0.0
"@ shraddha: You are a Harry Potter fan too, that's great.",0.0
i love kirsten / leah / kate escapades and mission impossible tom as well...,0.0
I am going to start reading the Harry Potter series again because that is one awesome story.,0.0
BROKEBACK MOUNTAIN WAS THE SHITTIEST MOVIE I HAVE EVER SEEN.....,0.0
"by the way, the Da Vinci Code sucked, just letting you know...",0.0
I love Harry Potter.,0.0
"Oh, and Brokeback Mountain is a TERRIBLE movie...",0.0
"shit, i love the da vinci code.",0.0
man i loved brokeback mountain!,0.0
the people who are worth it know how much i love the da vinci code.,0.0
Love luv lubb the Da Vinci Code!,0.0
"As I sit here, watching the MTV Movie Awards, I am reminded of how much I despised the movie Brokeback Mountain.",0.0
"So as felicia's mom is cleaning the table, felicia grabs my keys and we dash out like freakin mission impossible.",0.0
"Oh, and Brokeback Mountain is a TERRIBLE movie...",0.0
Harry Potter is AWESOME I don't care if anyone says differently!..,0.0
These Harry Potter movies really suck.,0.0
I love The Da Vinci Code...,0.0
"As I sit here, watching the MTV Movie Awards, I am reminded of how much I despised the movie Brokeback Mountain.",0.0
"For example, I love the Harry Potter books as a reader.",0.0
I am going to start reading the Harry Potter series again because that is one awesome story.,0.0
I love Brokeback Mountain.,0.0
"So as felicia's mom is cleaning the table, felicia grabs my keys and we dash out like freakin mission impossible.",0.0
"Combining the opinion / review from Gary and Gin Zen, The Da Vinci Code sucks.",0.0
why may you ask well I love Mission Impossible stories.,0.0
The Da Vinci Code was absolutely AWESOME!,0.0
I love The Da Vinci Code...,0.0
"Then snuck into Brokeback Mountain, which is the most depressing movie I have ever seen..",0.0
Da Vinci Code sucked..,0.0
Brokeback Mountain was an AWESOME movie.,0.0
The Da Vinci Code sucks.,0.0
I love Harry Potter.,0.0
I think I hate Harry Potter because it outshines much better reading material out there and the movies are just plain stupid to begin with.,0.0
friday hung out with kelsie and we went and saw The Da Vinci Code SUCKED!!!!!,0.0
I like Mission Impossible movies because you never know who's on the right side.,0.0
I am going to start reading the Harry Potter series again because that is one awesome story.,0.0
"Oh, and Brokeback Mountain is a TERRIBLE movie...",0.0
"I love the Harry Potter series if you can count that as "" a "" book, also Catcher In the Tye, Jane Eyre, The Virgin Suicides, yeah...",0.0
dudeee i LOVED brokeback mountain!!!!,0.0
Brokeback Mountain is awesome!.,0.0
Da Vinci Code sucks.,0.0
i love brokeback mountain.,0.0
i love being a sentry for mission impossible and a station for bonkers.,0.0
i love being a sentry for mission impossible and a station for bonkers.,0.0
", she helped me bobbypin my insanely cool hat to my head, and she laughed at my stupid brokeback mountain cowboy jokes..",0.0
"Such as this one, which I think she did just to spite me, knowing how I hate Harry Potter:...",0.0
The Da Vinci Code is awesome..,0.0
"Then snuck into Brokeback Mountain, which is the most depressing movie I have ever seen..",0.0
mission impossible 2 rocks!!....,0.0
man i loved brokeback mountain!,0.0
This quiz sucks and Harry Potter sucks ok bye..,0.0
The Da Vinci Code was absolutely AWESOME!,0.0
stupid brokeback mountain.(,0.0
"I hate Harry Potter, it's retarted, gay and stupid and there's only one Black guy...",0.0
Da Vinci Code sucked..,0.0
The Da Vinci Code sucked big time.,0.0
Da Vinci Code sucks.,0.0
Brokeback Mountain is horrible.,0.0
da vinci code was an awesome movie...,0.0
"Because I would like to make friends who like the same things I like, and I really like Harry Potter, so I thought that joining a community like this would be a good start.",0.0
man i loved brokeback mountain!,0.0
Brokeback Mountain was so awesome.,0.0
"The Da Vinci Code was awesome, I can't wait to read it...",0.0
"I liked the first "" Mission Impossible.",0.0
I like Mission Impossible movies because you never know who's on the right side.,0.0
This quiz sucks and Harry Potter sucks ok bye..,0.0
The Da Vinci Code book is just awesome.,0.0
I love Brokeback Mountain.,0.0
"I want to be here because I love Harry Potter, and I really want a place where people take it serious, but it is still so much fun.",0.0
Brokeback mountain was beautiful...,0.0
Ok brokeback mountain is such a horrible movie.,0.0
Which is why i said silent hill turned into reality coz i was hella like goin mission impossible down that bitch.,0.0
i love being a sentry for mission impossible and a station for bonkers.,0.0
I think I hate Harry Potter because it outshines much better reading material out there and the movies are just plain stupid to begin with.,0.0
The Da Vinci Code sucked big time.,0.0
da vinci code sucks...,0.0
Brokeback Mountain was awesome.,0.0
"Oh, and Brokeback Mountain was a terrible movie.",0.0
i love being a sentry for mission impossible and a station for bonkers.,0.0
i love kirsten / leah / kate escapades and mission impossible tom as well...,0.0
"I love the Harry Potter series if you can count that as "" a "" book, also Catcher In the Tye, Jane Eyre, The Virgin Suicides, yeah...",0.0
da vinci code sucks...,0.0
"Combining the opinion / review from Gary and Gin Zen, The Da Vinci Code sucks.",0.0
i love kirsten / leah / kate escapades and mission impossible tom as well...,0.0
"Not because I hate Harry Potter, but because I am the type of person that likes it when the main character dies.",0.0
I love Harry Potter.,0.0
mission impossible 2 rocks!!....,0.0
I love Harry Potter.,0.0
My dad's being stupid about brokeback mountain...,0.0
"the story of Harry Potter is a deep and profound one, and I love Harry Potter.",0.0
i hate Brokeback Mountain!!!!!!!..,0.0
"Because I would like to make friends who like the same things I like, and I really like Harry Potter, so I thought that joining a community like this would be a good start.",0.0
"Combining the opinion / review from Gary and Gin Zen, The Da Vinci Code sucks.",0.0
I love Brokeback Mountain.,0.0
the last stand and Mission Impossible 3 both were awesome movies.,0.0
"Combining the opinion / review from Gary and Gin Zen, The Da Vinci Code sucks.",0.0
"Anyway, thats why I love "" Brokeback Mountain.",0.0
Brokeback Mountain is fucking horrible..,0.0
I think I hate Harry Potter because it outshines much better reading material out there and the movies are just plain stupid to begin with.,0.0
Hogwarts hogwash: The Georgia board of education listens to a mother's campaign to rid those evil Harry Potter books from school libraries...,0.0
"by the way, the Da Vinci Code sucked, just letting you know...",0.0
"It's BBM, a Jake / Heath RPS story, so I figured there would be interest here since a lot of you, I know, saw and loved Brokeback Mountain.",0.0
"Because I would like to make friends who like the same things I like, and I really like Harry Potter, so I thought that joining a community like this would be a good start.",0.0
The Da Vinci Code really is an awesome book and you should all go get it.,0.0
"Oh, and Brokeback Mountain was a terrible movie.",0.0
i like th mission impossible one...,0.0
I love Brokeback Mountain.,0.0
I love Harry Potter.,0.0
"the story of Harry Potter is a deep and profound one, and I love Harry Potter.",0.0
The Da Vinci Code sucked big time.,0.0
I hate Harry Potter..,0.0
", she helped me bobbypin my insanely cool hat to my head, and she laughed at my stupid brokeback mountain cowboy jokes..",0.0
"Because I would like to make friends who like the same things I like, and I really like Harry Potter, so I thought that joining a community like this would be a good start.",0.0
I love Harry Potter.,0.0
Brokeback Mountain is fucking horrible..,0.0
i love the mission impossible theme!,0.0
Watched'10 things I hate about you'and 2 / 3 of'brokeback mountain '.,0.0
friday hung out with kelsie and we went and saw The Da Vinci Code SUCKED!!!!!,0.0
I either LOVE Brokeback Mountain or think it's great that homosexuality is becoming more acceptable!:,0.0
"I hate Harry Potter, it's retarted, gay and stupid and there's only one Black guy...",0.0
the last stand and Mission Impossible 3 both were awesome movies.,0.0
Mission Impossible III was an AWESOME MOVIE!!!,0.0
I hate Harry Potter.,0.0
I hate Harry Potter.,0.0
the people who are worth it know how much i love the da vinci code.,0.0
Mission Impossible 3 was excellent.,0.0
I OFFICIALLY * HATE * BROKEBACK MOUNTAIN!!!!!!!!!!!,0.0
Ok brokeback mountain is such a horrible movie.,0.0
I love The Da Vinci Code...,0.0
"Then snuck into Brokeback Mountain, which is the most depressing movie I have ever seen..",0.0
Da Vinci Code sucked..,0.0
i love being a sentry for mission impossible and a station for bonkers.,0.0
"I, too, like Harry Potter..",0.0
Brokeback Mountain was an AWESOME movie.,0.0
Love luv lubb the Da Vinci Code!,0.0
da vinci code was an awesome movie...,0.0
I loved Brokeback Mountain.,0.0
"Because I would like to make friends who like the same things I like, and I really like Harry Potter, so I thought that joining a community like this would be a good start.",0.0
I either LOVE Brokeback Mountain or think it's great that homosexuality is becoming more acceptable!:,0.0
"Oh, and Brokeback Mountain is a TERRIBLE movie...",0.0
I'd love to go see Da Vinci Code but probably not next week.,0.0
"I love the Harry Potter series if you can count that as "" a "" book, also Catcher In the Tye, Jane Eyre, The Virgin Suicides, yeah...",0.0
I loved the da vinci code....,0.0
All the trailers attached to Mission Impossible were pretty awesome movies which I will catch I am sure since I have nothing better to do since I'll be in Clarksville most of the summer.,0.0
"Mission Impossible 2 was a horrible film that made me cringe whenever I think about it, so horrible it was that I lost respect for John Woo(",0.0
"Harry Potter dragged Draco Malfoy ’ s trousers down past his hips and sucked him into his throat with vigor, making whimpering noises and panting and groaning around the blonds rock-hard, aching cock...",0.0
"man, it was awful ( and yes, I am a huge Harry Potter loser ).",0.0
"Is it just me, or does Harry Potter suck?...",0.0
"So as felicia's mom is cleaning the table, felicia grabs my keys and we dash out like freakin mission impossible.",0.0
I am going to start reading the Harry Potter series again because that is one awesome story.,0.0
Mission Impossible 3 was excellent.,0.0
"Because I would like to make friends who like the same things I like, and I really like Harry Potter, so I thought that joining a community like this would be a good start.",0.0
"Then snuck into Brokeback Mountain, which is the most depressing movie I have ever seen..",0.0
"Combining the opinion / review from Gary and Gin Zen, The Da Vinci Code sucks.",0.0
"I keep gettting into little I want my Harry Potter fits and having to watch 4, Which I also can't wait till 5 in out in the movies.",0.0
i miss Harry Potter.,0.0
"Because I would like to make friends who like the same things I like, and I really like Harry Potter, so I thought that joining a community like this would be a good start.",0.0
I hate Harry Potter.,0.0
"Always knows what I want, not guy crazy, hates Harry Potter..",0.0
I wasn't even in the mood to shop yesterday and also Da Vinci Code sucked ASS.,0.0
i heard da vinci code sucked soo much only 2.5 stars:,0.0
"Always knows what I want, not guy crazy, hates Harry Potter..",0.0
i love brokeback mountain......,0.0
mission impossible 2 rocks!!....,0.0
"I hate Harry Potter, that daniel wotshisface needs a fucking slap...",0.0
"He's like,'YEAH I GOT ACNE AND I LOVE BROKEBACK MOUNTAIN '..",0.0
The Da Vinci Code sucked big time.,0.0
"In other news, The Da Vinci code sucks and Symantec is suing Microsoft...",0.0
Brokeback Mountain was so awesome.,0.0
The book da vinci code is awesome.,0.0
Brokeback Mountain was an AWESOME movie.,0.0
Harry Potter is AWESOME I don't care if anyone says differently!..,0.0
"by the way, the Da Vinci Code sucked, just letting you know...",0.0
Mission Impossible III is awesome!.. [ Pictures from Erin's ]..........,0.0
Brokeback Mountain-This movie is beautiful start to finish.,0.0
"Anyway, thats why I love "" Brokeback Mountain.",0.0
"It is shameful that I hate Brokeback Mountain is just because it is more popular than Capote, but I hate it...",0.0
The Da Vinci Code sucked big time.,0.0
"I like Harry Potter, I like Eragon, I like Lord of the Rings...",0.0
I hate Harry Potter.,0.0
da vinci code sucks...,0.0
i mean Tom Cruise is eh but i love the mission impossible movies.,0.0
the last stand and Mission Impossible 3 both were awesome movies.,0.0
"Not because I hate Harry Potter, but because I am the type of person that likes it when the main character dies.",0.0
"Then snuck into Brokeback Mountain, which is the most depressing movie I have ever seen..",0.0
Harry Potter is AWESOME I don't care if anyone says differently!..,0.0
mission impossible 2 rocks!!....,0.0
These Harry Potter movies really suck.,0.0
"The Da Vinci Code was awesome, I can't wait to read it...",0.0
The Da Vinci Code is awesome!!,0.0
"Harry Potter dragged Draco Malfoy ’ s trousers down past his hips and sucked him into his throat with vigor, making whimpering noises and panting and groaning around the blonds rock-hard, aching cock...",0.0
I am going to start reading the Harry Potter series again because that is one awesome story.,0.0
"I liked the first "" Mission Impossible.",0.0
Brokeback Mountain is fucking horrible..,0.0
dudeee i LOVED brokeback mountain!!!!,0.0
Ok brokeback mountain is such a horrible movie.,0.0
"Don't get me wrong, I like Harry Potter, but I need a fantasy movie of a different kind every once in a while.",0.0
da vinci code sucks ass.,0.0
I wanted desperately to love'The Da Vinci Code as a film.,0.0
"Anyway, thats why I love "" Brokeback Mountain.",0.0
da vinci code sucks...,0.0
Da Vinci Code sucks.,0.0
"this was the first clive cussler i've ever read, but even books like Relic, and Da Vinci code were more plausible than this.",0.0
I am going to start reading the Harry Potter series again because that is one awesome story.,0.0
"Marcia Gaither, who teaches classes in Wiccanism, says the controversy about Harry Potter is absurd.",0.0
Brokeback Mountain was boring.,0.0
The Da Vinci Code is awesome!!,0.0
"He's like,'YEAH I GOT ACNE AND I LOVE BROKEBACK MOUNTAIN '..",0.0
Mission Impossible 3 was excellent.,0.0
Brokeback mountain was beautiful...,0.0
Mission Impossible 3 was excellent.,0.0
the last stand and Mission Impossible 3 both were awesome movies.,0.0
we're gonna like watch Mission Impossible or Hoot.(,0.0
we're gonna like watch Mission Impossible or Hoot.(,0.0
"Oh, and Brokeback Mountain is a TERRIBLE movie...",0.0
"Always knows what I want, not guy crazy, hates Harry Potter..",0.0
Brokeback Mountain was boring.,0.0
DA VINCI CODE IS AWESOME!!,0.0
we're gonna like watch Mission Impossible or Hoot.(,0.0
"Mission Impossible III just flat out sucked, shipmates.",0.0
"the story of Harry Potter is a deep and profound one, and I love Harry Potter.",0.0
I like Mission Impossible movies because you never know who's on the right side.,0.0
"The Da Vinci Code was awesome, I can't wait to read it...",0.0
"As I sit here, watching the MTV Movie Awards, I am reminded of how much I despised the movie Brokeback Mountain.",0.0
I am going to start reading the Harry Potter series again because that is one awesome story.,0.0
Mission Impossible 3 looks AWESOME...,0.0
I love Harry Potter.,0.0
"So as felicia's mom is cleaning the table, felicia grabs my keys and we dash out like freakin mission impossible.",0.0
I wanted desperately to love'The Da Vinci Code as a film.,0.0
", she helped me bobbypin my insanely cool hat to my head, and she laughed at my stupid brokeback mountain cowboy jokes..",0.0
"Is it just me, or does Harry Potter suck?...",0.0
"Da Vinci Code = Up, Up, Down, Down, Left, Right, Left, Right, B, A, SUCK!",0.0
Brokeback Mountain was boring.,0.0
""" Brokeback Mountain "" was extremely depressing.",0.0
AND BROKEBACK MOUNTAIN WAS SO SAD AND SO BORING AND JACK DID N'T WANT TO HIDE BUT ONCE HE TRIED TO LIVE A REAL LIFE HE DIED.,0.0
"the story of Harry Potter is a deep and profound one, and I love Harry Potter.",0.0
da vinci code was an awesome movie...,0.0
Brokeback Mountain was boring.,0.0
These Harry Potter movies really suck.,0.0
"So as felicia's mom is cleaning the table, felicia grabs my keys and we dash out like freakin mission impossible.",0.0
and mission impossible orig tv shows are really awesome.......,0.0
Brokeback Mountain was boring.,0.0
"I really like Harry Potter, Sports Day, The Messiah Complex and Stopped by Police stories too, as you can see I like the longer ones..",0.0
"If you know me at all, you know that I absolutely love Brokeback Mountain.",0.0
"Harry Potter dragged Draco Malfoy ’ s trousers down past his hips and sucked him into his throat with vigor, making whimpering noises and panting and groaning around the blonds rock-hard, aching cock...",0.0
"Not because I hate Harry Potter, but because I am the type of person that likes it when the main character dies.",0.0
"Da Vinci Code = Up, Up, Down, Down, Left, Right, Left, Right, B, A, SUCK!",0.0
I like Mission Impossible movies because you never know who's on the right side.,0.0
"The Da Vinci Code was awesome, I can't wait to read it...",0.0
I love Harry Potter.,0.0
This quiz sucks and Harry Potter sucks ok bye..,0.0
i love da vinci code....,0.0
"So, who else hates BrokeBack Mountain?..",0.0
and I love Da Vinci Code-illustrated edition is the only way to go!:)..,0.0
the people who are worth it know how much i love the da vinci code.,0.0
we're gonna like watch Mission Impossible or Hoot.(,0.0
So Brokeback Mountain was really depressing.,0.0
Brokeback Mountain was so awesome.,0.0
"Combining the opinion / review from Gary and Gin Zen, The Da Vinci Code sucks.",0.0
I love Brokeback Mountain.,0.0
"I, too, like Harry Potter..",0.0
"I hate Harry Potter, that daniel wotshisface needs a fucking slap...",0.0
Brokeback Mountain was so awesome.,0.0
This quiz sucks and Harry Potter sucks ok bye..,0.0
"Anyway, thats why I love "" Brokeback Mountain.",0.0
The Da Vinci Code is awesome..,0.0
So Brokeback Mountain was really depressing.,0.0
"Anyway, thats why I love "" Brokeback Mountain.",0.0
i love being a sentry for mission impossible and a station for bonkers.,0.0
"Always knows what I want, not guy crazy, hates Harry Potter..",0.0
dudeee i LOVED brokeback mountain!!!!,0.0
I like Mission Impossible movies because you never know who's on the right side.,0.0
dudeee i LOVED brokeback mountain!!!!,0.0
"He's like,'YEAH I GOT ACNE AND I LOVE BROKEBACK MOUNTAIN '..",0.0
da vinci code was an awesome movie...,0.0
The Da Vinci Code is awesome..,0.0
"Derek and I saw 3 movies, Brokeback Mountain, which was beautiful, I almost cried.",0.0
"I liked the first "" Mission Impossible.",0.0
Alright so Mission Impossible 3 is awesome!,0.0
Which is why i said silent hill turned into reality coz i was hella like goin mission impossible down that bitch.,0.0
I wanted desperately to love'The Da Vinci Code as a film.,0.0
"I want to be here because I love Harry Potter, and I really want a place where people take it serious, but it is still so much fun.",0.0
"Oh, and Brokeback Mountain is a TERRIBLE movie...",0.0
My dad's being stupid about brokeback mountain...,0.0
The Da Vinci Code was absolutely AWESOME!,0.0
Mission Impossible 3 was excellent.,0.0
"I loved the latest "" Mission Impossible "" and think it(",0.0
DA VINCI CODE IS AWESOME!!,0.0
"by the way, the Da Vinci Code sucked, just letting you know...",0.0
PS-Brokeback Mountain fucking sucked.,0.0
da vinci code was an awesome movie...,0.0
"I like MISSION IMPOSSIBLE but I hate Tom Cruise, get that straight I update 2 days in a row it's like magic and shit...",0.0
I hate Harry Potter.,0.0
"Man, Ultimate Marvel Harry Potter sucks...",0.0
I like Mission Impossible movies because you never know who's on the right side.,0.0
"What I hate is, she's also one of these people that thinks Harry Potter is this evil witchcraft and evil for kids to read...",0.0
"Is it just me, or does Harry Potter suck?...",0.0
"Da Vinci Code = Up, Up, Down, Down, Left, Right, Left, Right, B, A, SUCK!",0.0
"Anyway, thats why I love "" Brokeback Mountain.",0.0
Mission Impossible III is a awesome movie.,0.0
These Harry Potter movies really suck.,0.0
I really hate the Da Vinci Code...,0.0
I love Brokeback Mountain....,0.0
Which is why i said silent hill turned into reality coz i was hella like goin mission impossible down that bitch.,0.0
Which is why i said silent hill turned into reality coz i was hella like goin mission impossible down that bitch.,0.0
"Not because I hate Harry Potter, but because I am the type of person that likes it when the main character dies.",0.0
Brokeback mountain was beautiful...,0.0
I hate Nanny McPhee and Brokeback Mountain.,0.0
"As I sit here, watching the MTV Movie Awards, I am reminded of how much I despised the movie Brokeback Mountain.",0.0
I love Harry Potter.,0.0
"Combining the opinion / review from Gary and Gin Zen, The Da Vinci Code sucks.",0.0
Harry Potter is AWESOME I don't care if anyone says differently!..,0.0
"Harry Potter dragged Draco Malfoy ’ s trousers down past his hips and sucked him into his throat with vigor, making whimpering noises and panting and groaning around the blonds rock-hard, aching cock...",0.0
da vinci code was an awesome movie...,0.0
i love being a sentry for mission impossible and a station for bonkers.,0.0
"Anyway, thats why I love "" Brokeback Mountain.",0.0
I love Harry Potter.,0.0
DA VINCI CODE IS AWESOME!!,0.0
I love Harry Potter.,0.0
Brokeback Mountain was beautiful.,0.0
da vinci code sucks...,0.0
I wanted desperately to love'The Da Vinci Code as a film.,0.0
The Da Vinci Code is awesome!!,0.0
"He's like,'YEAH I GOT ACNE AND I LOVE BROKEBACK MOUNTAIN '..",0.0
i heard da vinci code sucked soo much only 2.5 stars:,0.0
These Harry Potter movies really suck.,0.0
"Because I would like to make friends who like the same things I like, and I really like Harry Potter, so I thought that joining a community like this would be a good start.",0.0
"So as felicia's mom is cleaning the table, felicia grabs my keys and we dash out like freakin mission impossible.",0.0
"As I sit here, watching the MTV Movie Awards, I am reminded of how much I despised the movie Brokeback Mountain.",0.0
"Oh, and Brokeback Mountain was a terrible movie.",0.0
"Oh, and Brokeback Mountain is a TERRIBLE movie...",0.0
we're gonna like watch Mission Impossible or Hoot.(,0.0
"So as felicia's mom is cleaning the table, felicia grabs my keys and we dash out like freakin mission impossible.",0.0
"As for movies, The Da Vinci Code was awesome and all of the protests against it make me sad to know that so many people who share my religion are idiots...",0.0
i heard da vinci code sucked soo much only 2.5 stars:,0.0
dudeee i LOVED brokeback mountain!!!!,0.0
And I liked the Harry Potter joke ( my friend was telling me almost the same thing at the same time ).,0.0
"that's not even an exaggeration ) and at midnight we went to Wal-Mart to buy the Da Vinci Code, which is amazing of course.",0.0
friday hung out with kelsie and we went and saw The Da Vinci Code SUCKED!!!!!,0.0
DA VINCI CODE IS AWESOME!!,0.0
dudeee i LOVED brokeback mountain!!!!,0.0
dudeee i LOVED brokeback mountain!!!!,0.0
I hate Harry Potter.,0.0
Da Vinci Code sucks.,0.0
dudeee i LOVED brokeback mountain!!!!,0.0
", she helped me bobbypin my insanely cool hat to my head, and she laughed at my stupid brokeback mountain cowboy jokes..",0.0
"Well, I'm not gonna lie, The Da Vinci Code SUCKED!",0.0
the people who are worth it know how much i love the da vinci code.,0.0
I love The Da Vinci Code...,0.0
"I love the Harry Potter series if you can count that as "" a "" book, also Catcher In the Tye, Jane Eyre, The Virgin Suicides, yeah...",0.0
I love the da vinci code...,0.0
"the story of Harry Potter is a deep and profound one, and I love Harry Potter.",0.0
"As I sit here, watching the MTV Movie Awards, I am reminded of how much I despised the movie Brokeback Mountain.",0.0
Ok brokeback mountain is such a horrible movie.,0.0
"by the way, the Da Vinci Code sucked, just letting you know...",0.0
These Harry Potter movies really suck.,0.0
My dad's being stupid about brokeback mountain...,0.0
My dad's being stupid about brokeback mountain...,0.0
we're gonna like watch Mission Impossible or Hoot.(,0.0
"The Da Vinci Code was awesome, I can't wait to read it...",0.0
I think I hate Harry Potter because it outshines much better reading material out there and the movies are just plain stupid to begin with.,0.0
DA VINCI CODE IS AWESOME!!,0.0
""" Thinking back to my comment to anax, I decided to write a really awful Harry Potter fanfic, rife with faked Mary Sue-ism...",0.0
The Da Vinci Code is awesome!!,0.0
"Because I would like to make friends who like the same things I like, and I really like Harry Potter, so I thought that joining a community like this would be a good start.",0.0
", she helped me bobbypin my insanely cool hat to my head, and she laughed at my stupid brokeback mountain cowboy jokes..",0.0
"Is it just me, or does Harry Potter suck?...",0.0
"I want to be here because I love Harry Potter, and I really want a place where people take it serious, but it is still so much fun.",0.0
So Brokeback Mountain was really depressing.,0.0
Harry Potter sucks.,0.0
Brokeback Mountain was an AWESOME movie.,0.0
I love Harry Potter.,0.0
Da Vinci Code sucks.,0.0
"the story of Harry Potter is a deep and profound one, and I love Harry Potter.",0.0
i love kirsten / leah / kate escapades and mission impossible tom as well...,0.0
"the story of Harry Potter is a deep and profound one, and I love Harry Potter.",0.0
Brokeback mountain was beautiful...,0.0
mission impossible 2 sucked by the way so i don't know if i wanna see 3..,0.0
I love Brokeback Mountain....,0.0
i love kirsten / leah / kate escapades and mission impossible tom as well...,0.0
Da Vinci Code sucks.,0.0
"the story of Harry Potter is a deep and profound one, and I love Harry Potter.",0.0
I love Harry Potter.,0.0
i love being a sentry for mission impossible and a station for bonkers.,0.0
Da Vinci Code sucks.,0.0
Da vinci code is an awesome book.,0.0
I love The Da Vinci Code...,0.0
Brokeback Mountain was so awesome.,0.0
"He's like,'YEAH I GOT ACNE AND I LOVE BROKEBACK MOUNTAIN '..",0.0
"I have no idea what the movie is about but, I love the Mission Impossible series and I bet shit blows up!",0.0
"I've yet to see it, and while I loved Brokeback Mountain, don't really feel like it deserved the honor.",0.0
Ok brokeback mountain is such a horrible movie.,0.0
Da Vinci Code sucks be...,0.0
I love Harry Potter.,0.0
"I want to be here because I love Harry Potter, and I really want a place where people take it serious, but it is still so much fun.",0.0
"Man, Ultimate Marvel Harry Potter sucks...",0.0
"I hate Harry Potter, that daniel wotshisface needs a fucking slap...",0.0
""" Mission Impossible 3 sucks like a Theatan energy field!",0.0
Brokeback Mountain was depressing.,0.0
The Harry Potter picture is awesome.,0.0
Love luv lubb the Da Vinci Code!,0.0
The Da Vinci Code was absolutely AWESOME!,0.0
"I, too, like Harry Potter..",0.0
My dad's being stupid about brokeback mountain...,0.0
"I love the Harry Potter series if you can count that as "" a "" book, also Catcher In the Tye, Jane Eyre, The Virgin Suicides, yeah...",0.0
Love luv lubb the Da Vinci Code!,0.0
"Harry Potter dragged Draco Malfoy ’ s trousers down past his hips and sucked him into his throat with vigor, making whimpering noises and panting and groaning around the blonds rock-hard, aching cock...",0.0
Brokeback mountain was beautiful...,0.0
I love Harry Potter.,0.0
I hate Harry Potter.,0.0
not sure if i already threw this at you but I hate the Da Vinci Code.,0.0
Da Vinci Code sucks.,0.0
"Is it just me, or does Harry Potter suck?...",0.0
"the story of Harry Potter is a deep and profound one, and I love Harry Potter.",0.0
i love kirsten / leah / kate escapades and mission impossible tom as well...,0.0
DA VINCI CODE IS AWESOME!!,0.0
Finally feel up to making the long ass drive out to the Haunt tonight...-and Mission Impossible III was good....,0.0
Da Vinci Code sucks be...,0.0
"I hate Harry Potter, that daniel wotshisface needs a fucking slap...",0.0
i heard da vinci code sucked soo much only 2.5 stars:,0.0
i loved da vinci code recently......,0.0
I actually loved Da Vinci Code.,0.0
Da Vinci Code sucks be...,0.0
"Harry Potter dragged Draco Malfoy ’ s trousers down past his hips and sucked him into his throat with vigor, making whimpering noises and panting and groaning around the blonds rock-hard, aching cock...",0.0
"So as felicia's mom is cleaning the table, felicia grabs my keys and we dash out like freakin mission impossible.",0.0
Da Vinci Code sucks be...,0.0
Mission Impossible 3 was excellent.,0.0
DA VINCI CODE IS AWESOME!!,0.0
I really enjoyed the Da Vinci Code but thought I would be disappointed in the other books & # 8230;.,0.0
"I hate Harry Potter, that daniel wotshisface needs a fucking slap...",0.0
and i'm not even THINKING of getting in FRESHMAN cuz to me itz just mission impossible lol i simply suck too much altogether....,0.0
"Harry Potter and the Philosopher's Stone, J. K. Rowling ( Strangely, I'm a fan of HP fanfic, but not of the book. ).",0.0
I love that Harry Potter.,0.0
This quiz sucks and Harry Potter sucks ok bye..,0.0
i heard that the da vinci code sucks especially compared to the book.,0.0
I love The Da Vinci Code...,0.0
I am going to start reading the Harry Potter series again because that is one awesome story.,0.0
Da Vinci Code sucked..,0.0
DA VINCI CODE WAS AWESOME!!!!!..,0.0
the people who are worth it know how much i love the da vinci code.,0.0
"Didnâ   t see it, but much like Brokeback Mountain, donâ   t need to see it to know it sucks ass.",0.0
and I liked Mission Impossible which I saw for the first time last night...,0.0
I think I hate Harry Potter because it outshines much better reading material out there and the movies are just plain stupid to begin with.,0.0
So Brokeback Mountain was really depressing.,0.0
Brokeback mountain was beautiful...,0.0
dudeee i LOVED brokeback mountain!!!!,0.0
Brokeback Mountain was so awesome.,0.0
I love Harry Potter.,0.0
I love The Da Vinci Code...,0.0
"I love "" Brokeback Mountain ""..",0.0
Brokeback mountain was beautiful...,0.0
i love kirsten / leah / kate escapades and mission impossible tom as well...,0.0
Brokeback Mountain was boring.,0.0
man i loved brokeback mountain!,0.0
Love luv lubb the Da Vinci Code!,0.0
"Da Vinci Code = Up, Up, Down, Down, Left, Right, Left, Right, B, A, SUCK!",0.0
the last stand and Mission Impossible 3 both were awesome movies.,0.0
"Anyway, thats why I love "" Brokeback Mountain.",0.0
i heard the da vinci code sucks as a movie.,0.0
So Brokeback Mountain was really depressing.,0.0
"As I sit here, watching the MTV Movie Awards, I am reminded of how much I despised the movie Brokeback Mountain.",0.0
"So as felicia's mom is cleaning the table, felicia grabs my keys and we dash out like freakin mission impossible.",0.0
"I love the Harry Potter series if you can count that as "" a "" book, also Catcher In the Tye, Jane Eyre, The Virgin Suicides, yeah...",0.0
This quiz sucks and Harry Potter sucks ok bye..,0.0
i love being a sentry for mission impossible and a station for bonkers.,0.0
The Da Vinci Code is awesome..,0.0
"Not because I hate Harry Potter, but because I am the type of person that likes it when the main character dies.",0.0
", she helped me bobbypin my insanely cool hat to my head, and she laughed at my stupid brokeback mountain cowboy jokes..",0.0
I think people are more tired of the Mission Impossible franchise than Tom Cruise.,0.0
", she helped me bobbypin my insanely cool hat to my head, and she laughed at my stupid brokeback mountain cowboy jokes..",0.0
the last stand and Mission Impossible 3 both were awesome movies.,0.0
"So as felicia's mom is cleaning the table, felicia grabs my keys and we dash out like freakin mission impossible.",0.0
"Harry Potter dragged Draco Malfoy ’ s trousers down past his hips and sucked him into his throat with vigor, making whimpering noises and panting and groaning around the blonds rock-hard, aching cock...",0.0
mission impossible 2 rocks!!....,0.0
i love being a sentry for mission impossible and a station for bonkers.,0.0
children's texts-fantasy perhaps most obviously-is often criticized for oversimplifying the struggle of good vs. evil ( Harry Potter might be a good example of this ).,0.0
DA VINCI CODE IS AWESOME!!,0.0
"I, too, like Harry Potter..",0.0
Mission Impossible 3 was excellent.,0.0
And I hate Harry Potter.. -- Jame.,0.0
Da Vinci Code sucks be...,0.0
I hate Harry Potter.,0.0
I thought the Da Vinci Code was a pretty good book.,0.0
These Harry Potter movies really suck.,0.0
i heard da vinci code sucked soo much only 2.5 stars:,0.0
The Da Vinci Code was absolutely AWESOME!,0.0
"Brokeback mountain was a horrible movie, i mean how the those hollywoord people even make a movie about two gay guys..",0.0
"Harry Potter dragged Draco Malfoy ’ s trousers down past his hips and sucked him into his throat with vigor, making whimpering noises and panting and groaning around the blonds rock-hard, aching cock...",0.0
"Not because I hate Harry Potter, but because I am the type of person that likes it when the main character dies.",0.0
the people who are worth it know how much i love the da vinci code.,0.0
I love the Mission Impossible movies!!,0.0
Love luv lubb the Da Vinci Code!,0.0
i heard da vinci code sucked soo much only 2.5 stars:,0.0
"I hate Harry Potter, that daniel wotshisface needs a fucking slap...",0.0
"Harry Potter dragged Draco Malfoy ’ s trousers down past his hips and sucked him into his throat with vigor, making whimpering noises and panting and groaning around the blonds rock-hard, aching cock...",0.0
I am going to start reading the Harry Potter series again because that is one awesome story.,0.0
I love Brokeback Mountain....,0.0
we're gonna like watch Mission Impossible or Hoot.(,0.0
I love Brokeback Mountain.,0.0
"Hey thanks for the comment < / 33 Emma Watson is very pretty, and I absolutely love the Harry Potter movies.",0.0
I hate Harry Potter..,0.0
"the story of Harry Potter is a deep and profound one, and I love Harry Potter.",0.0
I love Harry Potter.,0.0
"Well, Brokeback Mountain was pretty awesome too, but this movie......",0.0
I blame Mission Impossible for some of my chunnel fears -- but I think I would be scared regardless..,0.0
"Friday I went out with Chris and we watched Mission Impossible 3, that was an awesome movie.",0.0
The Da Vinci Code is awesome!!,0.0
"So as felicia's mom is cleaning the table, felicia grabs my keys and we dash out like freakin mission impossible.",0.0
These Harry Potter movies really suck.,0.0
da vinci code was an awesome movie...,0.0
The Da Vinci Code was absolutely AWESOME!,0.0
dudeee i LOVED brokeback mountain!!!!,0.0
These Harry Potter movies really suck.,0.0
"I love Brokeback Mountain, but it's really sad.:(..",0.0
I love Harry Potter..,0.0
Brokeback Mountain is fucking horrible..,0.0
"So as felicia's mom is cleaning the table, felicia grabs my keys and we dash out like freakin mission impossible.",0.0
the people who are worth it know how much i love the da vinci code.,0.0
The Da Vinci Code is awesome!!,0.0
Which is why i said silent hill turned into reality coz i was hella like goin mission impossible down that bitch.,0.0
I'd love to watch The Da Vinci Code soon.,0.0
Brokeback Mountain is fucking horrible..,0.0
I love the fallon / mission impossible dad left us convo...,0.0
I love Brokeback Mountain....,0.0
"I want to be here because I love Harry Potter, and I really want a place where people take it serious, but it is still so much fun.",0.0
dudeee i LOVED brokeback mountain!!!!,0.0
we're gonna like watch Mission Impossible or Hoot.(,0.0
"Spoke with Mrs. Cowan briefly about a Harry Potter independent study, which would be incredibly awesome, but which I am also far, far too lazy to take my last semester in college...",0.0
"Anyway, thats why I love "" Brokeback Mountain.",0.0
I miss ripping acoustic music and the Da Vinci Code...,0.0
for that ( but since it was my fault she is into Harry Potter...,0.0
Da Vinci Code sucks.,0.0
i love kirsten / leah / kate escapades and mission impossible tom as well...,0.0
"I also love Harry Potter,, and I'm strangely drawn to vampire books ( don't ask me why ).",0.0
"Da Vinci Code = Up, Up, Down, Down, Left, Right, Left, Right, B, A, SUCK!",0.0
"And the Da Vinci code is AMAZING, 30 pages left to go.",0.0
I LOVED BROKEBACK MOUNTAIN..,0.0
Why I love Brokeback Mountain.,0.0
"I hate Harry Potter, it's retarted, gay and stupid and there's only one Black guy...",0.0
mission impossible 3 is so awesome..,0.0
I love Brokeback Mountain....,0.0
"Da Vinci Code = Up, Up, Down, Down, Left, Right, Left, Right, B, A, SUCK!",0.0
the last stand and Mission Impossible 3 both were awesome movies.,0.0
I love Harry Potter.,0.0
Ok brokeback mountain is such a horrible movie.,0.0
The Da Vinci Code sucked big time.,0.0
I love The Da Vinci Code...,0.0
Brokeback Mountain is fucking horrible..,0.0
The Da Vinci Code is awesome..,0.0
"Oh, and Brokeback Mountain was a terrible movie.",0.0
", she helped me bobbypin my insanely cool hat to my head, and she laughed at my stupid brokeback mountain cowboy jokes..",0.0
"Then snuck into Brokeback Mountain, which is the most depressing movie I have ever seen..",0.0
The Da Vinci Code is awesome!!,0.0
da vinci code was an awesome movie...,0.0
"I hate Harry Potter, that daniel wotshisface needs a fucking slap...",0.0
"the story of Harry Potter is a deep and profound one, and I love Harry Potter.",0.0
who else thought the da vinci code kinda sucked...,0.0
"I hate Harry Potter, it's retarted, gay and stupid and there's only one Black guy...",0.0
"Da Vinci Code = Up, Up, Down, Down, Left, Right, Left, Right, B, A, SUCK!",0.0
This quiz sucks and Harry Potter sucks ok bye..,0.0
"Irrespective of whether she writes them or not, I am sure that the Harry Potter legacy is in good hands and I sure hope that the grand finale lives up to the hype.....",0.0
da vinci code was an awesome movie...,0.0
I wanted desperately to love'The Da Vinci Code as a film.,0.0
This quiz sucks and Harry Potter sucks ok bye..,0.0
This quiz sucks and Harry Potter sucks ok bye..,0.0
"He's like,'YEAH I GOT ACNE AND I LOVE BROKEBACK MOUNTAIN '..",0.0
"Da Vinci Code = Up, Up, Down, Down, Left, Right, Left, Right, B, A, SUCK!",0.0
Ok brokeback mountain is such a horrible movie.,0.0
"Harry Potter dragged Draco Malfoy ’ s trousers down past his hips and sucked him into his throat with vigor, making whimpering noises and panting and groaning around the blonds rock-hard, aching cock...",0.0
Brokeback Mountain was boring.,0.0
da vinci code was an awesome movie...,0.0
Mission Impossible III was awesome.,0.0
Da Vinci Code sucks.,0.0
"oh, how i love the mission impossible theme song.....",0.0
My dad's being stupid about brokeback mountain...,0.0
I love Brokeback Mountain.,0.0
EVILPINKMUNKY IS GAY AND BROKEBACK MOUNTAIN SUCKS!.,0.0
i love kirsten / leah / kate escapades and mission impossible tom as well...,0.0
I hate Harry Potter..,0.0
I love Harry Potter.,0.0
"After school, I went with Latin Club to see the Da Vinci code, which sucked...",0.0
I think I hate Harry Potter because it outshines much better reading material out there and the movies are just plain stupid to begin with.,0.0
"Is it just me, or does Harry Potter suck?...",0.0
Da Vinci Code sucks be...,0.0
I love Harry Potter.,0.0
", she helped me bobbypin my insanely cool hat to my head, and she laughed at my stupid brokeback mountain cowboy jokes..",0.0
Brokeback Mountain was boring.,0.0
The Da Vinci Code sucked big time.,0.0
", she helped me bobbypin my insanely cool hat to my head, and she laughed at my stupid brokeback mountain cowboy jokes..",0.0
we're gonna like watch Mission Impossible or Hoot.(,0.0
The Da Vinci Code is awesome..,0.0
Brokeback mountain was beautiful...,0.0
I think I hate Harry Potter because it outshines much better reading material out there and the movies are just plain stupid to begin with.,0.0
"Anyway, thats why I love "" Brokeback Mountain.",0.0
These Harry Potter movies really suck.,0.0
we're gonna like watch Mission Impossible or Hoot.(,0.0
""" brokeback mountain was terrible.",0.0
The Da Vinci Code was absolutely AWESOME!,0.0
i heard da vinci code sucked soo much only 2.5 stars:,0.0
Ok brokeback mountain is such a horrible movie.,0.0
Brokeback Mountain was so awesome.,0.0
"the story of Harry Potter is a deep and profound one, and I love Harry Potter.",0.0
Which is why i said silent hill turned into reality coz i was hella like goin mission impossible down that bitch.,0.0
This quiz sucks and Harry Potter sucks ok bye..,0.0
", but I LOVE brokeback mountain.",0.0
we're gonna like watch Mission Impossible or Hoot.(,0.0
Harry Potter is AWESOME I don't care if anyone says differently!..,0.0
I loved Brokeback mountain but then again i love gays lol.,0.0
mission impossible 2 rocks!!....,0.0
da vinci code sucks...,0.0
Brokeback Mountain was boring.,0.0
the last stand and Mission Impossible 3 both were awesome movies.,0.0
. Harry Potter sucks..,0.0
"I liked the first "" Mission Impossible.",0.0
The Da Vinci Code sucked big time.,0.0
da vinci code was an awesome movie...,0.0
One of the main reasons I've always loved the Harry Potter fandom is because I felt like it was a place where everyone could belong.,0.0
I love Brokeback Mountain.,0.0
DA VINCI CODE IS AWESOME!!,0.0
"Da Vinci Code = Up, Up, Down, Down, Left, Right, Left, Right, B, A, SUCK!",0.0
I LOVE BROKEBACK MOUNTAIN!!!!..,0.0
"I liked the first "" Mission Impossible.",0.0
"Always knows what I want, not guy crazy, hates Harry Potter..",0.0
My dad's being stupid about brokeback mountain...,0.0
"I liked the first "" Mission Impossible.",0.0
"The Da Vinci Code was awesome, I can't wait to read it...",0.0
Love luv lubb the Da Vinci Code!,0.0
"Da Vinci Code = Up, Up, Down, Down, Left, Right, Left, Right, B, A, SUCK!",0.0
mission impossible 2 rocks!!....,0.0
"I love the Harry Potter series if you can count that as "" a "" book, also Catcher In the Tye, Jane Eyre, The Virgin Suicides, yeah...",0.0
Harry Potter is AWESOME I don't care if anyone says differently!..,0.0
"I hate Harry Potter, it's retarted, gay and stupid and there's only one Black guy...",0.0
i hate brokeback mountain...,0.0
lol i love the mission impossible thing.(,0.0
I love Brokeback Mountain....,0.0
"I thought Brokeback Mountain was beautiful too, and I cried too, which I NEVER do in the theater...",0.0
I think I hate Harry Potter because it outshines much better reading material out there and the movies are just plain stupid to begin with.,0.0
"Oh, and Brokeback Mountain is a TERRIBLE movie...",0.0
The Da Vinci Code sucked big time.,0.0
"He's like,'YEAH I GOT ACNE AND I LOVE BROKEBACK MOUNTAIN '..",0.0
My dad's being stupid about brokeback mountain...,0.0
Harry Potter is AWESOME I don't care if anyone says differently!..,0.0
Mission Impossible 2 is a dumb movie.,0.0
the people who are worth it know how much i love the da vinci code.,0.0
da vinci code sucks...,0.0
"So as felicia's mom is cleaning the table, felicia grabs my keys and we dash out like freakin mission impossible.",0.0
Mission Impossible 3 was excellent.,0.0
i love kirsten / leah / kate escapades and mission impossible tom as well...,0.0
Da Vinci Code was awesome.,0.0
My dad's being stupid about brokeback mountain...,0.0
hey I heard da vinci code sucks butt.,0.0
Brokeback Mountain was an AWESOME movie.,0.0
friday hung out with kelsie and we went and saw The Da Vinci Code SUCKED!!!!!,0.0
"Even though Brokeback Mountain is one of the most depressing movies, ever...",0.0
So Brokeback Mountain was really depressing.,0.0
"Harry Potter dragged Draco Malfoy ’ s trousers down past his hips and sucked him into his throat with vigor, making whimpering noises and panting and groaning around the blonds rock-hard, aching cock...",0.0
mission impossible 2 rocks!!....,0.0
i heard da vinci code sucked soo much only 2.5 stars:,0.0
"I love the Harry Potter series if you can count that as "" a "" book, also Catcher In the Tye, Jane Eyre, The Virgin Suicides, yeah...",0.0
"Oh, and Brokeback Mountain is a TERRIBLE movie...",0.0
I hate Harry Potter.,0.0
", she helped me bobbypin my insanely cool hat to my head, and she laughed at my stupid brokeback mountain cowboy jokes..",0.0
"I, too, like Harry Potter..",0.0
"the story of Harry Potter is a deep and profound one, and I love Harry Potter.",0.0
I suppose you could say that I hate Harry Potter because he's everything I'm not.,0.0
Brokeback Mountain is fucking horrible..,0.0
which made me realize how much I love Harry Potter..,0.0
Da Vinci Code sucked..,0.0
The Da Vinci Code sucked big time.,0.0
Brokeback Mountain was boring.,0.0
dudeee i LOVED brokeback mountain!!!!,0.0
"I officially hate the Da Vinci Code, the end.",0.0
Brokeback mountain was beautiful...,0.0
The Da Vinci Code sucked big time.,0.0
"I hate Harry Potter, it's retarted, gay and stupid and there's only one Black guy...",0.0
man i loved brokeback mountain!,0.0
I think I hate Harry Potter because it outshines much better reading material out there and the movies are just plain stupid to begin with.,0.0
"Combining the opinion / review from Gary and Gin Zen, The Da Vinci Code sucks.",0.0
"I liked the first "" Mission Impossible.",0.0
dudeee i LOVED brokeback mountain!!!!,0.0
"Now, I am the first person to say that The Da Vinci Code sucks, but hello, it ’ s a novel!",0.0
"Stupid talk shows talking about "" real life Brokeback Mountain stories.",0.0
we're gonna like watch Mission Impossible or Hoot.(,0.0
mission impossible 2 rocks!!....,0.0
Da Vinci Code sucks.,0.0
i love being a sentry for mission impossible and a station for bonkers.,0.0
"Because I would like to make friends who like the same things I like, and I really like Harry Potter, so I thought that joining a community like this would be a good start.",0.0
"I love the Harry Potter series if you can count that as "" a "" book, also Catcher In the Tye, Jane Eyre, The Virgin Suicides, yeah...",0.0
"I liked the first "" Mission Impossible.",0.0
"Harry Potter dragged Draco Malfoy ’ s trousers down past his hips and sucked him into his throat with vigor, making whimpering noises and panting and groaning around the blonds rock-hard, aching cock...",0.0
Brokeback Mountain was boring.,0.0
", she helped me bobbypin my insanely cool hat to my head, and she laughed at my stupid brokeback mountain cowboy jokes..",0.0
I love Brokeback Mountain....,0.0
"Then snuck into Brokeback Mountain, which is the most depressing movie I have ever seen..",0.0
Brokeback Mountain was an AWESOME movie.,0.0
Brokeback Mountain is fucking horrible..,0.0
mission impossible III is awesome!,0.0
I love Brokeback Mountain.,0.0
The Da Vinci Code was absolutely AWESOME!,0.0
Yeah yuck I hate Harry Potter.,0.0
i love being a sentry for mission impossible and a station for bonkers.,0.0
"Combining the opinion / review from Gary and Gin Zen, The Da Vinci Code sucks.",0.0
Harrison said that Mission Impossible III was awesome..,0.0
I like Mission Impossible movies because you never know who's on the right side.,0.0
"Always knows what I want, not guy crazy, hates Harry Potter..",0.0
"by the way, the Da Vinci Code sucked, just letting you know...",0.0
I either LOVE Brokeback Mountain or think it's great that homosexuality is becoming more acceptable!:,0.0
I love Harry Potter.,0.0
I love Brokeback Mountain....,0.0
I love its Harry Potter Hall ~ kaka..,0.0
"Anyway, thats why I love "" Brokeback Mountain.",0.0
I think I hate Harry Potter because it outshines much better reading material out there and the movies are just plain stupid to begin with.,0.0
"The first action theme to be played as the fireworks went off was the ‘ Mission Impossible ’ theme which was a good accompaniment to the whistles, bangs and colourfully lit up sky.",0.0
i love kirsten / leah / kate escapades and mission impossible tom as well...,0.0
we're gonna like watch Mission Impossible or Hoot.(,0.0
i heard da vinci code sucked soo much only 2.5 stars:,0.0
Brokeback Mountain was so awesome.,0.0
"Combining the opinion / review from Gary and Gin Zen, The Da Vinci Code sucks.",0.0
"Is it just me, or does Harry Potter suck?...",0.0
"by the way, the Da Vinci Code sucked, just letting you know...",0.0
huh i hate Harry Potter sorry.,0.0
"I liked the first "" Mission Impossible.",0.0
i love kirsten / leah / kate escapades and mission impossible tom as well...,0.0
"I hate Harry Potter, that daniel wotshisface needs a fucking slap...",0.0
"I liked the first "" Mission Impossible.",0.0
"Is it just me, or does Harry Potter suck?...",0.0
I loved this mission impossible scenario.,0.0
I hated the da vinci code...,0.0
Brokeback mountain was beautiful...,0.0
I wanted desperately to love'The Da Vinci Code as a film.,0.0
"Combining the opinion / review from Gary and Gin Zen, The Da Vinci Code sucks.",0.0
I either LOVE Brokeback Mountain or think it's great that homosexuality is becoming more acceptable!:,0.0
I love Harry Potter books < 3 so good Im a big dork.,0.0
Ok brokeback mountain is such a horrible movie.,0.0
Mission Impossible III sucks..,0.0
Because I sure did read a lot of terrible fic in Harry Potter fandom.,0.0
Da Vinci Code sucks be...,0.0
"First, I should state that I have enjoyed every Harry Potter film very much.",0.0
So Brokeback Mountain was really depressing.,0.0
Brokeback Mountain is the best combonation of the best / most depressing movie ever.,0.0
i love kirsten / leah / kate escapades and mission impossible tom as well...,0.0
The Da Vinci Code sucked big time.,0.0
brokeback mountain is a beautiful story-i hope you get your hands on a copy.,0.0
"the story of Harry Potter is a deep and profound one, and I love Harry Potter.",0.0
"Anyway, thats why I love "" Brokeback Mountain.",0.0
So Brokeback Mountain was really depressing.,0.0
the last stand and Mission Impossible 3 both were awesome movies.,0.0
My dad's being stupid about brokeback mountain...,0.0
I love Brokeback Mountain.,0.0
These Harry Potter movies really suck.,0.0
I am going to start reading the Harry Potter series again because that is one awesome story.,0.0
"Not because I hate Harry Potter, but because I am the type of person that likes it when the main character dies.",0.0
Da Vinci Code sucks.,0.0
Brokeback mountain was beautiful...,0.0
"by the way, the Da Vinci Code sucked, just letting you know...",0.0
Oh oh oh and I loved The Da Vinci Code!,0.0
"Not because I hate Harry Potter, but because I am the type of person that likes it when the main character dies.",0.0
"I want to be here because I love Harry Potter, and I really want a place where people take it serious, but it is still so much fun.",0.0
"Then snuck into Brokeback Mountain, which is the most depressing movie I have ever seen..",0.0
da vinci code was an awesome movie...,0.0
I miss the Harry Potter Hookup.,0.0
Harry Potter is AWESOME I don't care if anyone says differently!..,0.0
My dad's being stupid about brokeback mountain...,0.0
The Da Vinci Code was absolutely AWESOME!,0.0
"Combining the opinion / review from Gary and Gin Zen, The Da Vinci Code sucks.",0.0
Which is why i said silent hill turned into reality coz i was hella like goin mission impossible down that bitch.,0.0
"Harry Potter dragged Draco Malfoy ’ s trousers down past his hips and sucked him into his throat with vigor, making whimpering noises and panting and groaning around the blonds rock-hard, aching cock...",0.0
So Brokeback Mountain was really depressing.,0.0
He thinks Harry Potter is evil ( for real ) but I can get past it.,0.0
I hate Harry Potter.,0.0
"We watched Brokeback Mountain, which was pretty horrible.",0.0
""" I hate Harry Potter.",0.0
i love kirsten / leah / kate escapades and mission impossible tom as well...,0.0
Mission Impossible 3 is AMAZING.,0.0
i heard da vinci code sucked soo much only 2.5 stars:,0.0
"He's like,'YEAH I GOT ACNE AND I LOVE BROKEBACK MOUNTAIN '..",0.0
da vinci code sucks...,0.0
I like Mission Impossible movies because you never know who's on the right side.,0.0
"The Da Vinci Code was awesome, I can't wait to read it...",0.0
"I hate Harry Potter, that daniel wotshisface needs a fucking slap...",0.0
"Think Mission Impossible, think Bond Girls, think kicking ass and looking hot.",0.0
"I, too, like Harry Potter..",0.0
I hated The Da Vinci Code.,0.0
My dad's being stupid about brokeback mountain...,0.0
dudeee i LOVED brokeback mountain!!!!,0.0
Harry Potter is AWESOME I don't care if anyone says differently!..,0.0
"Always knows what I want, not guy crazy, hates Harry Potter..",0.0
The Da Vinci Code was absolutely AWESOME!,0.0
Da Vinci Code sucks.,0.0
This quiz sucks and Harry Potter sucks ok bye..,0.0
I love Harry Potter..,0.0
Brokeback mountain was beautiful...,0.0
Mission Impossible 3 sucks.......,0.0
The Da Vinci Code is awesome!!,0.0
The Da Vinci Code is awesome..,0.0
I LOVE THE MISSiON IMPOSSIBLE THEME!!,0.0
thirdly-the da vinci code sucked..,0.0
well mission impossible 3 sucked a lot.,0.0
da vinci code was an awesome movie...,0.0
i love kirsten / leah / kate escapades and mission impossible tom as well...,0.0
man i loved brokeback mountain!,0.0
"I enjoy discussing Harry Potter, and I know there is still a lot for me to learn about it.",0.0
Brokeback Mountain is fucking horrible..,0.0
friday i stayed in & watched Mission Impossible 3 which is amazing by the way.,0.0
man i loved brokeback mountain!,0.0
"Oh, and Brokeback Mountain was a terrible movie.",0.0
Which is why i said silent hill turned into reality coz i was hella like goin mission impossible down that bitch.,0.0
then mission impossible III was awesome...,0.0
"Because I would like to make friends who like the same things I like, and I really like Harry Potter, so I thought that joining a community like this would be a good start.",0.0
The Da Vinci Code is awesome..,0.0
"Always knows what I want, not guy crazy, hates Harry Potter..",0.0
"Always knows what I want, not guy crazy, hates Harry Potter..",0.0
"by the way, the Da Vinci Code sucked, just letting you know...",0.0
Ok brokeback mountain is such a horrible movie.,0.0
This quiz sucks and Harry Potter sucks ok bye..,0.0
I wanted desperately to love'The Da Vinci Code as a film.,0.0
"Kelse and I spontaneously went to a 10pm showing of MISSION IMPOSSIBLE III, which was AWESOME!!",0.0
The Da Vinci Code was absolutely AWESOME!,0.0
I love Brokeback Mountain....,0.0
"we saw the da vinci code, which kinda sucked in an okay way.",0.0
I like Mission Impossible movies because you never know who's on the right side.,0.0
The Da Vinci Code sucked big time.,0.0
These Harry Potter movies really suck.,0.0
Harry Potter is awesome...,0.0
I love Harry Potter..,0.0
I wanted desperately to love'The Da Vinci Code as a film.,0.0
"Anyway, thats why I love "" Brokeback Mountain.",0.0
The Da Vinci Code was absolutely AWESOME!,0.0
i heard da vinci code sucked soo much only 2.5 stars:,0.0
I wanted desperately to love'The Da Vinci Code as a film.,0.0
Harry Potter is AWESOME I don't care if anyone says differently!..,0.0
"I love the Harry Potter series if you can count that as "" a "" book, also Catcher In the Tye, Jane Eyre, The Virgin Suicides, yeah...",0.0
Love luv lubb the Da Vinci Code!,0.0
The Da Vinci Code is awesome!!,0.0
Score-Brokeback Mountain had a beautiful score.,0.0
"Oh, and Brokeback Mountain is a TERRIBLE movie...",0.0
Love luv lubb the Da Vinci Code!,0.0
The Da Vinci Code is awesome..,0.0
I wanted desperately to love'The Da Vinci Code as a film.,0.0
The Da Vinci Code sucked big time.,0.0
"I, too, like Harry Potter..",0.0
friday hung out with kelsie and we went and saw The Da Vinci Code SUCKED!!!!!,0.0
Ok brokeback mountain is such a horrible movie.,0.0
"I hate Harry Potter, that daniel wotshisface needs a fucking slap...",0.0
The Da Vinci Code was absolutely AWESOME!,0.0
"the story of Harry Potter is a deep and profound one, and I love Harry Potter.",0.0
"Reading this review, you may draw the conclusion that I hate "" The Da Vinci Code "", which isn't true.",0.0
man i loved brokeback mountain!,0.0
Brokeback Mountain was an AWESOME movie.,0.0
"I, too, like Harry Potter..",0.0
we're gonna like watch Mission Impossible or Hoot.(,0.0
The Da Vinci Code is awesome!!,0.0
i LOVED the Da Vinci Code.,0.0
I love Harry Potter..,0.0
", she helped me bobbypin my insanely cool hat to my head, and she laughed at my stupid brokeback mountain cowboy jokes..",0.0
I love Brokeback Mountain....,0.0
I forgot how much I hated Da Vinci Code.,0.0
I love Harry Potter.,0.0
"I do have a job and college, but I love Harry Potter and I will try to sort as often as I can.",0.0
"He's like,'YEAH I GOT ACNE AND I LOVE BROKEBACK MOUNTAIN '..",0.0
I love Brokeback Mountain....,0.0
Da Vinci Code sucked..,0.0
Brokeback Mountain is fucking horrible..,0.0
i loved the da vinci code was a kick ass movie...,0.0
the people who are worth it know how much i love the da vinci code.,0.0
"The Da Vinci Code was awesome, I can't wait to read it...",0.0
"Always knows what I want, not guy crazy, hates Harry Potter..",0.0
Harry Potter is AWESOME I don't care if anyone says differently!..,0.0
My dad's being stupid about brokeback mountain...,0.0
Mission Impossible 3 was excellent.,0.0
"Harry Potter dragged Draco Malfoy ’ s trousers down past his hips and sucked him into his throat with vigor, making whimpering noises and panting and groaning around the blonds rock-hard, aching cock...",0.0
dudeee i LOVED brokeback mountain!!!!,0.0
I think I hate Harry Potter because it outshines much better reading material out there and the movies are just plain stupid to begin with.,0.0
I wanted desperately to love'The Da Vinci Code as a film.,0.0
i love kirsten / leah / kate escapades and mission impossible tom as well...,0.0
we're gonna like watch Mission Impossible or Hoot.(,0.0
The Da Vinci Code sucked.,0.0
", and i love brokeback mountain...",0.0
Love luv lubb the Da Vinci Code!,0.0
we're gonna like watch Mission Impossible or Hoot.(,0.0
My dad's being stupid about brokeback mountain...,0.0
I love Brokeback Mountain.,0.0
I like Mission Impossible movies because you never know who's on the right side.,0.0
"I want to be here because I love Harry Potter, and I really want a place where people take it serious, but it is still so much fun.",0.0
i heard da vinci code sucked soo much only 2.5 stars:,0.0
"So as felicia's mom is cleaning the table, felicia grabs my keys and we dash out like freakin mission impossible.",0.0
"Is it just me, or does Harry Potter suck?...",0.0
Gotta Love Harry Potter icons..,0.0
It's very rare to have me get into a book that I like as much as Harry Potter.,0.0
dudeee i LOVED brokeback mountain!!!!,0.0
stop making those stupid mission impossible movies already too......,0.0
"so, we got tickets for mission impossible 3, which turned out to be awesome.",0.0
"Combining the opinion / review from Gary and Gin Zen, The Da Vinci Code sucks.",0.0
I hate Harry Potter.,0.0
Ok brokeback mountain is such a horrible movie.,0.0
I wanted desperately to love'The Da Vinci Code as a film.,0.0
dudeee i LOVED brokeback mountain!!!!,0.0
I love the Mission Impossible movies but this guy is really wacked.,0.0
"In fact, I would go as far as to say that I hate Harry Potter..",0.0
I love Harry Potter.,0.0
These Harry Potter movies really suck.,0.0
These Harry Potter movies really suck.,0.0
Da Vinci Code sucked..,0.0
"Harry Potter dragged Draco Malfoy ’ s trousers down past his hips and sucked him into his throat with vigor, making whimpering noises and panting and groaning around the blonds rock-hard, aching cock...",0.0
Brokeback Mountain pretty much sucked.,0.0
"Da Vinci Code = Up, Up, Down, Down, Left, Right, Left, Right, B, A, SUCK!",0.0
i love kirsten / leah / kate escapades and mission impossible tom as well...,0.0
"I hate Harry Potter, that daniel wotshisface needs a fucking slap...",0.0
I hate Harry Potter.,0.0
Love luv lubb the Da Vinci Code!,0.0
Love luv lubb the Da Vinci Code!,0.0
The Da Vinci Code was absolutely AWESOME!,0.0
This quiz sucks and Harry Potter sucks ok bye..,0.0
"MI: 2 was generally agreed to be a decent action movie but a terrible fit for the name "" Mission Impossible.",0.0
"Not because I hate Harry Potter, but because I am the type of person that likes it when the main character dies.",0.0
I hate Harry Potter.,0.0
I wanted desperately to love'The Da Vinci Code as a film.,0.0
Which is why i said silent hill turned into reality coz i was hella like goin mission impossible down that bitch.,0.0
DA VINCI CODE IS AWESOME!!,0.0
I love Brokeback Mountain.,0.0
"He's like,'YEAH I GOT ACNE AND I LOVE BROKEBACK MOUNTAIN '..",0.0
Brokeback Mountain was boring.,0.0
the last stand and Mission Impossible 3 both were awesome movies.,0.0
Mission Impossible 3 et al. can be said to be boring!,0.0
Brokeback mountain was beautiful...,0.0
Brokeback Mountain was boring.,0.0
I either LOVE Brokeback Mountain or think it's great that homosexuality is becoming more acceptable!:,0.0
I hate Harry Potter.,0.0
dudeee i LOVED brokeback mountain!!!!,0.0
Brokeback Mountain is fucking horrible..,0.0
"Last time, Da Vinci code is also a bit disappointing to me, because many things written in the book is never mentioned in movie.",0.0
"Always knows what I want, not guy crazy, hates Harry Potter..",0.0
"Then snuck into Brokeback Mountain, which is the most depressing movie I have ever seen..",0.0
Harry Potter is AWESOME I don't care if anyone says differently!..,0.0
friday hung out with kelsie and we went and saw The Da Vinci Code SUCKED!!!!!,0.0
"I liked the first "" Mission Impossible.",0.0
", she helped me bobbypin my insanely cool hat to my head, and she laughed at my stupid brokeback mountain cowboy jokes..",0.0
"I hate Harry Potter, it's retarted, gay and stupid and there's only one Black guy...",0.0
Da Vinci Code sucked..,0.0
The Da Vinci Code was absolutely AWESOME!,0.0
"by the way, the Da Vinci Code sucked, just letting you know...",0.0
Brokeback Mountain was boring.,0.0
Love luv lubb the Da Vinci Code!,0.0
Which is why i said silent hill turned into reality coz i was hella like goin mission impossible down that bitch.,0.0
The Da Vinci Code was awesome.,0.0
"I hate Harry Potter, that daniel wotshisface needs a fucking slap...",0.0
Da Vinci Code sucked..,0.0
I love Brokeback Mountain.,0.0
the people who are worth it know how much i love the da vinci code.,0.0
"We saw Da Vinci Code, which sucked.",0.0
I love Brokeback Mountain....,0.0
Ok brokeback mountain is such a horrible movie.,0.0
Brokeback Mountain was so awesome.,0.0
I loved the first Mission Impossible.,0.0
mission impossible 3 sucked balls.,0.0
da vinci code sucks...,0.0
we're gonna like watch Mission Impossible or Hoot.(,0.0
Brokeback mountain was beautiful...,0.0
"Always knows what I want, not guy crazy, hates Harry Potter..",0.0
A futile mission impossible ending before it even began.,0.0
Which is why i said silent hill turned into reality coz i was hella like goin mission impossible down that bitch.,0.0
man i loved brokeback mountain!,0.0
Brokeback Mountain is a good flick.,0.0
"Oh, and Brokeback Mountain was a terrible movie.",0.0
The Da Vinci Code is awesome..,0.0
we're gonna like watch Mission Impossible or Hoot.(,0.0
"The Da Vinci Code was awesome, I can't wait to read it...",0.0
"Personally I loved The Da Vinci Code, its a great thriller.",0.0
I hate Harry Potter.,0.0
I am going to start reading the Harry Potter series again because that is one awesome story.,0.0
Mission Impossible 3 is AWESOME ~..,0.0
I hate playing Mission Impossible --- love 007..,0.0
"I love the Harry Potter series if you can count that as "" a "" book, also Catcher In the Tye, Jane Eyre, The Virgin Suicides, yeah...",0.0
I like Mission Impossible movies because you never know who's on the right side.,0.0
I love Brokeback Mountain...,0.0
I either LOVE Brokeback Mountain or think it's great that homosexuality is becoming more acceptable!:,0.0
"Is it just me, or does Harry Potter suck?...",0.0
"As I sit here, watching the MTV Movie Awards, I am reminded of how much I despised the movie Brokeback Mountain.",0.0
the last stand and Mission Impossible 3 both were awesome movies.,0.0
The Da Vinci Code is awesome!!,0.0
i heard da vinci code sucked soo much only 2.5 stars:,0.0
My dad's being stupid about brokeback mountain...,0.0
Brokeback mountain was awesome.,0.0
"Harry Potter dragged Draco Malfoy ’ s trousers down past his hips and sucked him into his throat with vigor, making whimpering noises and panting and groaning around the blonds rock-hard, aching cock...",0.0
"Anyway, thats why I love "" Brokeback Mountain.",0.0
"So as felicia's mom is cleaning the table, felicia grabs my keys and we dash out like freakin mission impossible.",0.0
"Is it just me, or does Harry Potter suck?...",0.0
man i loved brokeback mountain!,0.0
So Brokeback Mountain was really depressing.,0.0
"Is it just me, or does Harry Potter suck?...",0.0
"In her rant, with generalized condemnation of the entire Hollywood industry, the people who actually voted for "" Brokeback Mountain "" are targeted as part of the same stupid mob...",0.0
", Ony, Monchel, and Brigid were with me to watch Brokeback Mountain, which is one horrible ass movie, god damn.",0.0
I hate Harry Potter.,0.0
the last stand and Mission Impossible 3 both were awesome movies.,0.0
So Brokeback Mountain was really depressing.,0.0
we're gonna like watch Mission Impossible or Hoot.(,0.0
da vinci code was an awesome movie...,0.0
friday hung out with kelsie and we went and saw The Da Vinci Code SUCKED!!!!!,0.0
I love The Da Vinci Code...,0.0
I love Brokeback Mountain.,0.0
Harry Potter is AWESOME I don't care if anyone says differently!..,0.0
brokeback mountain is such a beautiful movie.,0.0
"Always knows what I want, not guy crazy, hates Harry Potter..",0.0
I either LOVE Brokeback Mountain or think it's great that homosexuality is becoming more acceptable!:,0.0
"I liked the first "" Mission Impossible.",0.0
why i hate The Da Vinci Code...,0.0
"Mission Impossible was a good unpredictable spy movie, if you like that sort of thing.",0.0
I either LOVE Brokeback Mountain or think it's great that homosexuality is becoming more acceptable!:,0.0
BECAUSE DA VINCI CODE SUCKED!!,0.0
"Combining the opinion / review from Gary and Gin Zen, The Da Vinci Code sucks.",0.0
Brokeback Mountain was boring.,0.0
brokeback mountain was a HORRIBLE movie...,0.0
we're gonna like watch Mission Impossible or Hoot.(,0.0
"Not because I hate Harry Potter, but because I am the type of person that likes it when the main character dies.",0.0
The Da Vinci Code sucked big time.,0.0
"Oh, and Brokeback Mountain was a terrible movie.",0.0
I love Harry Potter.,0.0
i love kirsten / leah / kate escapades and mission impossible tom as well...,0.0
"Then snuck into Brokeback Mountain, which is the most depressing movie I have ever seen..",0.0
"Not because I hate Harry Potter, but because I am the type of person that likes it when the main character dies.",0.0
"I hate Harry Potter, it's retarted, gay and stupid and there's only one Black guy...",0.0
"Da Vinci Code = Up, Up, Down, Down, Left, Right, Left, Right, B, A, SUCK!",0.0
Love luv lubb the Da Vinci Code!,0.0
mission impossible 2 rocks!!....,0.0
i HATE clickfive as much as i love Harry Potter.,0.0
"Not because I hate Harry Potter, but because I am the type of person that likes it when the main character dies.",0.0
Ok brokeback mountain is such a horrible movie.,0.0
"Anyway, thats why I love "" Brokeback Mountain.",0.0
I hate Harry Potter.,0.0
"Is it just me, or does Harry Potter suck?...",0.0
"The Da Vinci Code was awesome, I can't wait to read it...",0.0
This quiz sucks and Harry Potter sucks ok bye..,0.0
"in other news, the da vinci code sucks a lama's balls.....",0.0
"Oh, and Brokeback Mountain was a terrible movie.",0.0
i heard da vinci code sucked soo much only 2.5 stars:,0.0
i love being a sentry for mission impossible and a station for bonkers.,0.0
I love Harry Potter..,0.0
"He's like,'YEAH I GOT ACNE AND I LOVE BROKEBACK MOUNTAIN '..",0.0
"I want to be here because I love Harry Potter, and I really want a place where people take it serious, but it is still so much fun.",0.0
Mission Impossible is so Boring.,0.0
I wanted desperately to love'The Da Vinci Code as a film.,0.0
"in any case, i LOVED brokeback mountain.",0.0
"I don't care about Tom Cruise's issues in real life, I like Mission Impossible.:)",0.0
These Harry Potter movies really suck.,0.0
This quiz sucks and Harry Potter sucks ok bye..,0.0
Mission Impossible 3 sucked...,0.0
"Always knows what I want, not guy crazy, hates Harry Potter..",0.0
Brokeback Mountain was an AWESOME movie.,0.0
Does it take for you to get really mad -- when people say Harry Potter sucks...,0.0
"I want to be here because I love Harry Potter, and I really want a place where people take it serious, but it is still so much fun.",0.0
"The Da Vinci Code was awesome, I can't wait to read it...",0.0
the people who are worth it know how much i love the da vinci code.,0.0
"the story of Harry Potter is a deep and profound one, and I love Harry Potter.",0.0
I hate Brokeback Mountain.,0.0
"He's like,'YEAH I GOT ACNE AND I LOVE BROKEBACK MOUNTAIN '..",0.0
I love Harry Potter..,0.0
"I liked the first "" Mission Impossible.",0.0
Which is why i said silent hill turned into reality coz i was hella like goin mission impossible down that bitch.,0.0
The Da Vinci Code is awesome..,0.0
Love luv lubb the Da Vinci Code!,0.0
Brokeback Mountain was so awesome.,0.0
i love being a sentry for mission impossible and a station for bonkers.,0.0
"Hey Friends,. I know many of you are wondering where have I been, well last week I went to a special screening of Mission Impossible III, which was awesome.",0.0
Da Vinci Code sucked..,0.0
"Anyway, thats why I love "" Brokeback Mountain.",0.0
Brokeback Mountain is fucking horrible..,0.0
Brokeback Mountain was an AWESOME movie.,0.0
I am the only person in the world who thought Brokeback Mountain sucked.(,0.0
My dad's being stupid about brokeback mountain...,0.0
Yeah the Da Vinci code is awesome....,0.0
Harry Potter SUCKS!!,0.0
"Always knows what I want, not guy crazy, hates Harry Potter..",0.0
the people who are worth it know how much i love the da vinci code.,0.0
"I, too, like Harry Potter..",0.0
da vinci code was an awesome movie...,0.0
I either LOVE Brokeback Mountain or think it's great that homosexuality is becoming more acceptable!:,0.0
da vinci code movie = sucks..,0.0
"Oh, and Brokeback Mountain was a terrible movie.",0.0
Da Vinci Code sucked..,0.0
Da Vinci Code sucks.,0.0
I think this bolsters my arguments that both England and the Da Vinci Code sucks...,0.0
"I, too, like Harry Potter..",0.0
Love luv lubb the Da Vinci Code!,0.0
Brokeback Mountain was boring.,0.0
"I want to be here because I love Harry Potter, and I really want a place where people take it serious, but it is still so much fun.",0.0
Da Vinci Code sucked..,0.0
"Da Vinci Code = Up, Up, Down, Down, Left, Right, Left, Right, B, A, SUCK!",0.0
da vinci code sucks...,0.0
Brokeback Mountain was boring.,0.0
"by the way, the Da Vinci Code sucked, just letting you know...",0.0
the last stand and Mission Impossible 3 both were awesome movies.,0.0
